Employee Name,Employee ID,Password,Role
Sarah Davis,EMP0001,qXX3HakP,Administrator
Katie Garcia,EMP0002,2Tr08pac,Manager
Jane Wilson,EMP0003,2DAQVFWo,Administrator
Laura Brown,EMP0004,ztgwnOnC,Analyst
Laura Johnson,EMP0005,eb9bwbaf,Engineer
Emily Moore,EMP0006,A6d067vu,HR
Emily Garcia,EMP0007,QUgdHxwa,Engineer
Laura Smith,EMP0008,QSQBerTp,Administrator
Katie Davis,EMP0009,iFdLVwt3,Technician
Sarah Garcia,EMP0010,RTDnIy2Y,Analyst
Laura Miller,EMP0011,PRi6dYtv,Supervisor
Katie Brown,EMP0012,bqcUKn9i,Clerk
Michael Miller,EMP0013,KVwKb9uC,Developer
Emily Moore,EMP0014,GodwYoM0,Clerk
John Davis,EMP0015,gqkbHZPN,Developer
John Smith,EMP0016,k1Vn6HD1,HR
Jane Miller,EMP0017,sXybqBxo,Engineer
Laura Miller,EMP0018,OAlKIBIg,Developer
John Jones,EMP0019,daFWMxTn,HR
Jane Jones,EMP0020,4dLgCj3k,Engineer
Alex Davis,EMP0021,UNz8dWWx,Technician
Chris Jones,EMP0022,n8MKPKdi,HR
Laura Williams,EMP0023,cYQkD083,Developer
Laura Jones,EMP0024,N76Wswls,Clerk
Katie Jones,EMP0025,3dKq4RGo,Engineer
Jane Davis,EMP0026,tpRj36vk,Manager
David Brown,EMP0027,ajZ6AmGz,HR
Emily Moore,EMP0028,b03Rgy4q,Administrator
Alex Garcia,EMP0029,PxAserTQ,Manager
Alex Davis,EMP0030,rV8giAh1,Manager
Chris Johnson,EMP0031,9QkYtHWW,Engineer
Sarah Johnson,EMP0032,BNg96iKN,Clerk
Michael Smith,EMP0033,6f3EQGKB,Engineer
Alex Brown,EMP0034,awAFifey,Manager
Michael Jones,EMP0035,toiLpSzo,Analyst
Chris Miller,EMP0036,RlRq1vgR,Developer
Alex Jones,EMP0037,TBWhtrCH,HR
Jane Garcia,EMP0038,GwRhatvj,Manager
Katie Smith,EMP0039,HZMNW38z,Developer
Katie Smith,EMP0040,0SzjCDiV,Engineer
Emily Moore,EMP0041,LtwPbnvl,Analyst
Katie Williams,EMP0042,A2D16qs6,Administrator
Chris Jones,EMP0043,4GU2lqIY,Supervisor
Alex Williams,EMP0044,w3lTNNGG,Supervisor
Jane Smith,EMP0045,oWwXbCv1,Clerk
Michael Jones,EMP0046,vwb2jLs3,Supervisor
Emily Miller,EMP0047,Iya3gjKD,Administrator
Michael Jones,EMP0048,TcJFVZ4s,Technician
Emily Brown,EMP0049,wVm7LsBt,Clerk
Jane Moore,EMP0050,9V5Pqpj9,Manager
John Moore,EMP0051,igClkFOC,Developer
Chris Smith,EMP0052,yz1mgySm,Engineer
John Davis,EMP0053,STPrWcf0,Analyst
Emily Garcia,EMP0054,k4J6q5Oa,HR
David Jones,EMP0055,rPdoFOGp,Developer
Sarah Wilson,EMP0056,ncRf9j1n,Supervisor
David Johnson,EMP0057,oX23ZbN4,HR
Sarah Miller,EMP0058,6xLAeov0,Manager
Emily Moore,EMP0059,03qxERWE,HR
Michael Smith,EMP0060,w0XClKum,HR
Alex Smith,EMP0061,H3uSMMd7,Manager
Katie Johnson,EMP0062,myAWyS5u,Developer
Sarah Johnson,EMP0063,YwN1JM89,Supervisor
Alex Wilson,EMP0064,kUGQ8uYj,Manager
Emily Jones,EMP0065,2hWN2F3O,Technician
Jane Wilson,EMP0066,dbYvk0ZJ,Manager
John Wilson,EMP0067,EVm85OVa,Manager
John Johnson,EMP0068,iU3nOq1z,HR
Alex Moore,EMP0069,Xyxah1Fo,Supervisor
Emily Moore,EMP0070,IhbiQcE0,Analyst
Katie Brown,EMP0071,iKRpHgxb,Analyst
Jane Moore,EMP0072,KlJ5lFer,Administrator
John Brown,EMP0073,2WWlo36d,Analyst
Chris Garcia,EMP0074,1PXFeVqe,Administrator
Katie Brown,EMP0075,EKM4yAki,HR
Emily Moore,EMP0076,CzPf2id1,Administrator
David Wilson,EMP0077,LbLu4NdW,Manager
Laura Miller,EMP0078,74yCfp2d,Administrator
Katie Wilson,EMP0079,Jso44gAs,Analyst
Emily Smith,EMP0080,TsG49q8c,Engineer
Michael Brown,EMP0081,E1josxpH,HR
Jane Garcia,EMP0082,HNUShxup,Developer
David Smith,EMP0083,o7XiW9iW,Manager
Chris Johnson,EMP0084,rAXmXj6Z,Manager
Jane Davis,EMP0085,gkFzZomD,Administrator
Chris Williams,EMP0086,HG4rEsTh,Technician
David Johnson,EMP0087,EdvGqHqz,Clerk
Michael Williams,EMP0088,F6QIFbip,Engineer
Chris Smith,EMP0089,JXLI4XNg,Technician
Emily Moore,EMP0090,aj5AGb2Z,Manager
David Moore,EMP0091,yAJDUUQe,Developer
Michael Jones,EMP0092,5QG3Vn9y,Analyst
Laura Smith,EMP0093,aTE2cON3,Supervisor
Katie Williams,EMP0094,xYOoRzfX,Clerk
Laura Jones,EMP0095,3a4MaoY7,Developer
Laura Garcia,EMP0096,LxYcmpi9,Clerk
Alex Davis,EMP0097,HcqLY4ck,Engineer
Laura Garcia,EMP0098,zP2d6jp8,Clerk
Jane Garcia,EMP0099,dZQARkKS,Technician
Chris Jones,EMP0100,UcIB3hAa,Analyst
Michael Moore,EMP0101,x6YObIf1,Clerk
Alex Miller,EMP0102,xYYy8skT,Clerk
Katie Miller,EMP0103,U73fS877,Developer
Emily Miller,EMP0104,Ije1l6sH,Manager
Alex Johnson,EMP0105,ussopg00,Developer
Alex Smith,EMP0106,YhEMp7Uy,Engineer
Katie Miller,EMP0107,2ColBvei,Clerk
David Smith,EMP0108,gK9EDosu,Developer
Jane Moore,EMP0109,ruXu1MGJ,Analyst
Alex Moore,EMP0110,dQ5SfszH,Technician
Katie Moore,EMP0111,snoyC2gC,Manager
Laura Smith,EMP0112,xbC6ZHfb,Supervisor
Emily Wilson,EMP0113,2P08E6mb,Developer
John Jones,EMP0114,ISQPHxC4,Supervisor
Emily Moore,EMP0115,BBYO5jMF,HR
Katie Jones,EMP0116,c3nRKBqW,Analyst
Laura Garcia,EMP0117,ESNCiqmo,Technician
David Wilson,EMP0118,Sn4h1ZDv,Clerk
Sarah Davis,EMP0119,WM73cvCJ,Engineer
Michael Brown,EMP0120,3RuFFQe3,Supervisor
Emily Brown,EMP0121,HlZXzoTT,Supervisor
Emily Garcia,EMP0122,hXUxDBl7,Technician
Emily Williams,EMP0123,E4DWcTeF,Technician
Emily Garcia,EMP0124,v431KlWz,Developer
Alex Williams,EMP0125,LI3EwntP,Technician
David Johnson,EMP0126,c59Q2f0c,Analyst
David Davis,EMP0127,y7opzmmR,Analyst
David Garcia,EMP0128,X1N2Nlxt,Administrator
Katie Moore,EMP0129,TYEfdtFA,Developer
Alex Garcia,EMP0130,fGkW7tcn,Analyst
Chris Johnson,EMP0131,7FLHzUQO,Supervisor
Alex Smith,EMP0132,KEbfTYAD,Technician
Michael Johnson,EMP0133,MJ4IjRGu,Manager
Katie Wilson,EMP0134,XmQ8Mg0V,Engineer
David Garcia,EMP0135,TFJVen8V,HR
Laura Jones,EMP0136,TgO4r2aP,Developer
Alex Garcia,EMP0137,eh7CK6sj,Manager
Chris Garcia,EMP0138,oJYlWeBq,Administrator
Sarah Brown,EMP0139,gPcYIPNf,Administrator
Emily Moore,EMP0140,ADHKppqH,Developer
Emily Jones,EMP0141,Q2LCanuE,Analyst
John Brown,EMP0142,20xKxohc,Administrator
John Miller,EMP0143,nHl1oGSw,Engineer
Michael Wilson,EMP0144,JDR6ZmZB,Analyst
Chris Garcia,EMP0145,LA3LOcaL,Clerk
Katie Moore,EMP0146,SqnVRDqK,Clerk
Jane Brown,EMP0147,HyxnyPsc,Technician
Chris Davis,EMP0148,lihdWeg4,HR
Michael Davis,EMP0149,pNJD8Vrc,Supervisor
Laura Miller,EMP0150,FgBOOFMl,Developer
Chris Williams,EMP0151,9YC77njI,Supervisor
Sarah Garcia,EMP0152,fxEpygTT,Engineer
Katie Miller,EMP0153,ycHcJlPP,Analyst
David Johnson,EMP0154,Lg17XjPq,Administrator
Jane Moore,EMP0155,gR16ujYs,Developer
Katie Jones,EMP0156,uOWaiad3,HR
Alex Brown,EMP0157,26MyT1Vo,Engineer
Chris Williams,EMP0158,3kXT6Owt,Analyst
John Smith,EMP0159,pPRYmHor,Administrator
Michael Moore,EMP0160,moMEXMeX,HR
John Garcia,EMP0161,olqIiJzE,Clerk
Chris Smith,EMP0162,V1eapq7j,Developer
Michael Johnson,EMP0163,VM2inoA0,Administrator
Alex Garcia,EMP0164,rOiYJpQB,Engineer
Laura Miller,EMP0165,c6076SZp,Manager
Katie Jones,EMP0166,bIZS8nyA,Administrator
Sarah Smith,EMP0167,0S3u2hbw,Developer
Alex Garcia,EMP0168,4QESSLpA,Analyst
David Moore,EMP0169,zOLC1VrI,Manager
Katie Williams,EMP0170,sBPw28uK,Clerk
Emily Miller,EMP0171,BIu1e8fb,Engineer
Sarah Moore,EMP0172,MQmZHucH,Supervisor
Emily Williams,EMP0173,HluFqtTP,Supervisor
John Davis,EMP0174,FWERUWcy,Manager
Laura Williams,EMP0175,1yd8W6xr,Clerk
Sarah Davis,EMP0176,DOCUPM2R,Administrator
John Moore,EMP0177,QdByISjc,HR
Jane Williams,EMP0178,QiLdPYNp,Developer
Emily Miller,EMP0179,CCgTmMGi,HR
Jane Johnson,EMP0180,2PRMneg7,Clerk
Michael Johnson,EMP0181,u9Xchbu6,Supervisor
Alex Wilson,EMP0182,JrTY6Mw6,Analyst
Katie Johnson,EMP0183,lRGhkP3W,Manager
Alex Johnson,EMP0184,as62NVnA,Supervisor
Katie Johnson,EMP0185,7MLrRB1R,Supervisor
Alex Wilson,EMP0186,8GSgcXMP,Clerk
Katie Brown,EMP0187,2LAMdasd,Supervisor
Emily Jones,EMP0188,ZiAM2dlB,Engineer
Chris Smith,EMP0189,bz4RhWtQ,Engineer
Sarah Johnson,EMP0190,ilCgtOFN,Administrator
Jane Davis,EMP0191,g4Oy700y,Administrator
David Davis,EMP0192,Xn8D70TQ,HR
Laura Moore,EMP0193,V6Jwoxr4,HR
Laura Moore,EMP0194,0N7TWSnS,Analyst
Michael Johnson,EMP0195,HYl1XMxV,HR
Sarah Davis,EMP0196,VDn7GOs7,Engineer
Sarah Miller,EMP0197,9hNjCU9m,HR
Alex Brown,EMP0198,2rhc9m3A,HR
Chris Garcia,EMP0199,ID9D83hL,Engineer
Katie Johnson,EMP0200,6gWyRee5,Clerk
